﻿<?xml version="1.0" encoding="utf-8"?>
<abapGit version="v1.0.0" serializer="LCL_OBJECT_DTEL" serializer_version="v1.0.0">
 <asx:abap xmlns:asx="http://www.sap.com/abapxml" version="1.0">
  <asx:values>
   <DD04V>
    <ROLLNAME>ZCOGS_IFRS_VALUE_DF</ROLLNAME>
    <DDLANGUAGE>E</DDLANGUAGE>
    <DOMNAME>AFLE15D2O21S_TO_23D2O31S</DOMNAME>
    <HEADLEN>55</HEADLEN>
    <SCRLEN1>10</SCRLEN1>
    <SCRLEN2>20</SCRLEN2>
    <SCRLEN3>40</SCRLEN3>
    <DDTEXT>COGS IFRS value for DF</DDTEXT>
    <REPTEXT>COGS IFRS value for DF</REPTEXT>
    <SCRTEXT_S>COGSIFRDF</SCRTEXT_S>
    <SCRTEXT_M>COGS IFRS val for DF</SCRTEXT_M>
    <SCRTEXT_L>COGS IFRS value for DF</SCRTEXT_L>
    <DTELMASTER>E</DTELMASTER>
    <REFKIND>D</REFKIND>
   </DD04V>
  </asx:values>
 </asx:abap>
</abapGit>
