﻿<?xml version="1.0" encoding="utf-8"?>
<abapGit version="v1.0.0" serializer="LCL_OBJECT_DTEL" serializer_version="v1.0.0">
 <asx:abap xmlns:asx="http://www.sap.com/abapxml" version="1.0">
  <asx:values>
   <DD04V>
    <ROLLNAME>ZDIFF_OF_COGS_VALUE</ROLLNAME>
    <DDLANGUAGE>E</DDLANGUAGE>
    <DOMNAME>AFLE15D2O21S_TO_23D2O31S</DOMNAME>
    <HEADLEN>55</HEADLEN>
    <SCRLEN1>10</SCRLEN1>
    <SCRLEN2>20</SCRLEN2>
    <SCRLEN3>40</SCRLEN3>
    <DDTEXT>Difference of Cost Of Goods Stock values (IFRS-TAX)</DDTEXT>
    <REPTEXT>Diff of COGS values (IFRS-TAX)</REPTEXT>
    <SCRTEXT_S>DiffCOGSva</SCRTEXT_S>
    <SCRTEXT_M>Diff of COGS values</SCRTEXT_M>
    <SCRTEXT_L>Diff of COGS values (IFRS-TAX)</SCRTEXT_L>
    <DTELMASTER>E</DTELMASTER>
    <REFKIND>D</REFKIND>
   </DD04V>
  </asx:values>
 </asx:abap>
</abapGit>
