﻿<?xml version="1.0" encoding="utf-8"?>
<abapGit version="v1.0.0" serializer="LCL_OBJECT_TABL" serializer_version="v1.0.0">
 <asx:abap xmlns:asx="http://www.sap.com/abapxml" version="1.0">
  <asx:values>
   <DD02V>
    <TABNAME>ZFI_TAX_MM_COST</TABNAME>
    <DDLANGUAGE>E</DDLANGUAGE>
    <TABCLASS>TRANSP</TABCLASS>
    <CLIDEP>X</CLIDEP>
    <DDTEXT>Alocated Ledgers&apos; MM Cost Differences to Produced Materials</DDTEXT>
    <MASTERLANG>E</MASTERLANG>
    <MAINFLAG>X</MAINFLAG>
    <CONTFLAG>A</CONTFLAG>
    <EXCLASS>1</EXCLASS>
   </DD02V>
   <DD09L>
    <TABNAME>ZFI_TAX_MM_COST</TABNAME>
    <AS4LOCAL>A</AS4LOCAL>
    <TABKAT>0</TABKAT>
    <TABART>APPL0</TABART>
    <BUFALLOW>N</BUFALLOW>
    <ROWORCOLST>C</ROWORCOLST>
   </DD09L>
   <DD03P_TABLE>
    <DD03P>
     <TABNAME>ZFI_TAX_MM_COST</TABNAME>
     <FIELDNAME>MANDT</FIELDNAME>
     <POSITION>0001</POSITION>
     <KEYFLAG>X</KEYFLAG>
     <ROLLNAME>MANDT</ROLLNAME>
     <CHECKTABLE>T000</CHECKTABLE>
     <ADMINFIELD>0</ADMINFIELD>
     <NOTNULL>X</NOTNULL>
     <SHLPORIGIN>P</SHLPORIGIN>
     <COMPTYPE>E</COMPTYPE>
    </DD03P>
    <DD03P>
     <TABNAME>ZFI_TAX_MM_COST</TABNAME>
     <FIELDNAME>BUKRS</FIELDNAME>
     <POSITION>0002</POSITION>
     <KEYFLAG>X</KEYFLAG>
     <ROLLNAME>BUKRS</ROLLNAME>
     <CHECKTABLE>T001</CHECKTABLE>
     <ADMINFIELD>0</ADMINFIELD>
     <NOTNULL>X</NOTNULL>
     <SHLPORIGIN>P</SHLPORIGIN>
     <SHLPNAME>C_T001</SHLPNAME>
     <SHLPFIELD>BUKRS</SHLPFIELD>
     <COMPTYPE>E</COMPTYPE>
    </DD03P>
    <DD03P>
     <TABNAME>ZFI_TAX_MM_COST</TABNAME>
     <FIELDNAME>GJAHR</FIELDNAME>
     <POSITION>0003</POSITION>
     <KEYFLAG>X</KEYFLAG>
     <ROLLNAME>GJAHR</ROLLNAME>
     <ADMINFIELD>0</ADMINFIELD>
     <NOTNULL>X</NOTNULL>
     <COMPTYPE>E</COMPTYPE>
    </DD03P>
    <DD03P>
     <TABNAME>ZFI_TAX_MM_COST</TABNAME>
     <FIELDNAME>WERKS</FIELDNAME>
     <POSITION>0004</POSITION>
     <KEYFLAG>X</KEYFLAG>
     <ROLLNAME>J_1GVL_WERKS</ROLLNAME>
     <CHECKTABLE>T001W</CHECKTABLE>
     <ADMINFIELD>0</ADMINFIELD>
     <NOTNULL>X</NOTNULL>
     <SHLPORIGIN>P</SHLPORIGIN>
     <COMPTYPE>E</COMPTYPE>
    </DD03P>
    <DD03P>
     <TABNAME>ZFI_TAX_MM_COST</TABNAME>
     <FIELDNAME>MATNR</FIELDNAME>
     <POSITION>0005</POSITION>
     <KEYFLAG>X</KEYFLAG>
     <ROLLNAME>MATNR</ROLLNAME>
     <CHECKTABLE>MARA</CHECKTABLE>
     <ADMINFIELD>0</ADMINFIELD>
     <NOTNULL>X</NOTNULL>
     <SHLPORIGIN>P</SHLPORIGIN>
     <SHLPNAME>S_MAT1</SHLPNAME>
     <SHLPFIELD>MATNR</SHLPFIELD>
     <COMPTYPE>E</COMPTYPE>
    </DD03P>
    <DD03P>
     <TABNAME>ZFI_TAX_MM_COST</TABNAME>
     <FIELDNAME>PROD_QTY</FIELDNAME>
     <POSITION>0006</POSITION>
     <ROLLNAME>ZPROD_QTY</ROLLNAME>
     <ADMINFIELD>0</ADMINFIELD>
     <REFTABLE>MARA</REFTABLE>
     <REFFIELD>MEINS</REFFIELD>
     <COMPTYPE>E</COMPTYPE>
    </DD03P>
    <DD03P>
     <TABNAME>ZFI_TAX_MM_COST</TABNAME>
     <FIELDNAME>OVH_IFRS_VALUE</FIELDNAME>
     <POSITION>0007</POSITION>
     <ROLLNAME>ZOVH_IFRS_VALUE</ROLLNAME>
     <ADMINFIELD>0</ADMINFIELD>
     <REFTABLE>J_1GVL_WHB010</REFTABLE>
     <REFFIELD>WAERS</REFFIELD>
     <COMPTYPE>E</COMPTYPE>
    </DD03P>
    <DD03P>
     <TABNAME>ZFI_TAX_MM_COST</TABNAME>
     <FIELDNAME>OVH_IFRS_DIFF_VALUE</FIELDNAME>
     <POSITION>0008</POSITION>
     <ROLLNAME>ZOVH_IFRS_DIFF_VALUE</ROLLNAME>
     <ADMINFIELD>0</ADMINFIELD>
     <REFTABLE>J_1GVL_WHB010</REFTABLE>
     <REFFIELD>WAERS</REFFIELD>
     <COMPTYPE>E</COMPTYPE>
    </DD03P>
    <DD03P>
     <TABNAME>ZFI_TAX_MM_COST</TABNAME>
     <FIELDNAME>OVH_DIFF_IFRS_TAX_VAL</FIELDNAME>
     <POSITION>0009</POSITION>
     <ROLLNAME>ZOVH_DIFF_IFRS_TAX_VAL</ROLLNAME>
     <ADMINFIELD>0</ADMINFIELD>
     <REFTABLE>J_1GVL_WHB010</REFTABLE>
     <REFFIELD>WAERS</REFFIELD>
     <COMPTYPE>E</COMPTYPE>
    </DD03P>
    <DD03P>
     <TABNAME>ZFI_TAX_MM_COST</TABNAME>
     <FIELDNAME>ANNUAL_OVH_COST_TAX_VAL</FIELDNAME>
     <POSITION>0010</POSITION>
     <ROLLNAME>ZANNUAL_OVH_COST_TAX_VAL</ROLLNAME>
     <ADMINFIELD>0</ADMINFIELD>
     <REFTABLE>J_1GVL_WHB010</REFTABLE>
     <REFFIELD>WAERS</REFFIELD>
     <COMPTYPE>E</COMPTYPE>
    </DD03P>
    <DD03P>
     <TABNAME>ZFI_TAX_MM_COST</TABNAME>
     <FIELDNAME>ENDING_STOCK</FIELDNAME>
     <POSITION>0011</POSITION>
     <ROLLNAME>ZENDING_STOCK</ROLLNAME>
     <ADMINFIELD>0</ADMINFIELD>
     <REFTABLE>MARA</REFTABLE>
     <REFFIELD>MEINS</REFFIELD>
     <COMPTYPE>E</COMPTYPE>
    </DD03P>
    <DD03P>
     <TABNAME>ZFI_TAX_MM_COST</TABNAME>
     <FIELDNAME>TOTAL_REMAINING_STOCK_IFRS_VAL</FIELDNAME>
     <POSITION>0012</POSITION>
     <ROLLNAME>ZTOTAL_REMAINING_STCK_IFRS_VAL</ROLLNAME>
     <ADMINFIELD>0</ADMINFIELD>
     <REFTABLE>J_1GVL_WHB010</REFTABLE>
     <REFFIELD>WAERS</REFFIELD>
     <COMPTYPE>E</COMPTYPE>
    </DD03P>
    <DD03P>
     <TABNAME>ZFI_TAX_MM_COST</TABNAME>
     <FIELDNAME>DIFF_OF_STOCK_VAL</FIELDNAME>
     <POSITION>0013</POSITION>
     <ROLLNAME>ZDIFF_OF_STOCK_VAL</ROLLNAME>
     <ADMINFIELD>0</ADMINFIELD>
     <REFTABLE>J_1GVL_WHB010</REFTABLE>
     <REFFIELD>WAERS</REFFIELD>
     <COMPTYPE>E</COMPTYPE>
    </DD03P>
    <DD03P>
     <TABNAME>ZFI_TAX_MM_COST</TABNAME>
     <FIELDNAME>TOTAL_REMAINING_STOCK_TAX_VAL</FIELDNAME>
     <POSITION>0014</POSITION>
     <ROLLNAME>ZTOTAL_REMAINING_STOCK_TAX_VAL</ROLLNAME>
     <ADMINFIELD>0</ADMINFIELD>
     <REFTABLE>J_1GVL_WHB010</REFTABLE>
     <REFFIELD>WAERS</REFFIELD>
     <COMPTYPE>E</COMPTYPE>
    </DD03P>
    <DD03P>
     <TABNAME>ZFI_TAX_MM_COST</TABNAME>
     <FIELDNAME>COGS_QTY</FIELDNAME>
     <POSITION>0015</POSITION>
     <ROLLNAME>ZCOGS_QTY</ROLLNAME>
     <ADMINFIELD>0</ADMINFIELD>
     <REFTABLE>MARA</REFTABLE>
     <REFFIELD>MEINS</REFFIELD>
     <COMPTYPE>E</COMPTYPE>
    </DD03P>
    <DD03P>
     <TABNAME>ZFI_TAX_MM_COST</TABNAME>
     <FIELDNAME>COGS_IFRS_VALUE</FIELDNAME>
     <POSITION>0016</POSITION>
     <ROLLNAME>ZCOGS_IFRS_VALUE</ROLLNAME>
     <ADMINFIELD>0</ADMINFIELD>
     <REFTABLE>J_1GVL_WHB010</REFTABLE>
     <REFFIELD>WAERS</REFFIELD>
     <COMPTYPE>E</COMPTYPE>
    </DD03P>
    <DD03P>
     <TABNAME>ZFI_TAX_MM_COST</TABNAME>
     <FIELDNAME>COGS_QTY_SL</FIELDNAME>
     <POSITION>0017</POSITION>
     <ROLLNAME>ZCOGS_QTY_SL</ROLLNAME>
     <ADMINFIELD>0</ADMINFIELD>
     <REFTABLE>MARA</REFTABLE>
     <REFFIELD>MEINS</REFFIELD>
     <COMPTYPE>E</COMPTYPE>
    </DD03P>
    <DD03P>
     <TABNAME>ZFI_TAX_MM_COST</TABNAME>
     <FIELDNAME>COGS_IFRS_VALUE_SL</FIELDNAME>
     <POSITION>0018</POSITION>
     <ROLLNAME>ZCOGS_IFRS_VALUE_SL</ROLLNAME>
     <ADMINFIELD>0</ADMINFIELD>
     <REFTABLE>J_1GVL_WHB010</REFTABLE>
     <REFFIELD>WAERS</REFFIELD>
     <COMPTYPE>E</COMPTYPE>
    </DD03P>
    <DD03P>
     <TABNAME>ZFI_TAX_MM_COST</TABNAME>
     <FIELDNAME>COGS_QTY_DF</FIELDNAME>
     <POSITION>0019</POSITION>
     <ROLLNAME>ZCOGS_QTY_DF</ROLLNAME>
     <ADMINFIELD>0</ADMINFIELD>
     <REFTABLE>MARA</REFTABLE>
     <REFFIELD>MEINS</REFFIELD>
     <COMPTYPE>E</COMPTYPE>
    </DD03P>
    <DD03P>
     <TABNAME>ZFI_TAX_MM_COST</TABNAME>
     <FIELDNAME>COGS_IFRS_VALUE_DF</FIELDNAME>
     <POSITION>0020</POSITION>
     <ROLLNAME>ZCOGS_IFRS_VALUE_DF</ROLLNAME>
     <ADMINFIELD>0</ADMINFIELD>
     <REFTABLE>J_1GVL_WHB010</REFTABLE>
     <REFFIELD>WAERS</REFFIELD>
     <COMPTYPE>E</COMPTYPE>
    </DD03P>
    <DD03P>
     <TABNAME>ZFI_TAX_MM_COST</TABNAME>
     <FIELDNAME>COGS_QTY_OP</FIELDNAME>
     <POSITION>0021</POSITION>
     <ROLLNAME>ZCOGS_QTY_OP</ROLLNAME>
     <ADMINFIELD>0</ADMINFIELD>
     <REFTABLE>MARA</REFTABLE>
     <REFFIELD>MEINS</REFFIELD>
     <COMPTYPE>E</COMPTYPE>
    </DD03P>
    <DD03P>
     <TABNAME>ZFI_TAX_MM_COST</TABNAME>
     <FIELDNAME>COGS_IFRS_VALUE_OP</FIELDNAME>
     <POSITION>0022</POSITION>
     <ROLLNAME>ZCOGS_IFRS_VALUE_OP</ROLLNAME>
     <ADMINFIELD>0</ADMINFIELD>
     <REFTABLE>J_1GVL_WHB010</REFTABLE>
     <REFFIELD>WAERS</REFFIELD>
     <COMPTYPE>E</COMPTYPE>
    </DD03P>
    <DD03P>
     <TABNAME>ZFI_TAX_MM_COST</TABNAME>
     <FIELDNAME>COGS_QTY_DS</FIELDNAME>
     <POSITION>0023</POSITION>
     <ROLLNAME>ZCOGS_QTY_DS</ROLLNAME>
     <ADMINFIELD>0</ADMINFIELD>
     <REFTABLE>MARA</REFTABLE>
     <REFFIELD>MEINS</REFFIELD>
     <COMPTYPE>E</COMPTYPE>
    </DD03P>
    <DD03P>
     <TABNAME>ZFI_TAX_MM_COST</TABNAME>
     <FIELDNAME>COGS_IFRS_VALUE_DS</FIELDNAME>
     <POSITION>0024</POSITION>
     <ROLLNAME>ZCOGS_IFRS_VALUE_DS</ROLLNAME>
     <ADMINFIELD>0</ADMINFIELD>
     <REFTABLE>J_1GVL_WHB010</REFTABLE>
     <REFFIELD>WAERS</REFFIELD>
     <COMPTYPE>E</COMPTYPE>
    </DD03P>
    <DD03P>
     <TABNAME>ZFI_TAX_MM_COST</TABNAME>
     <FIELDNAME>COGS_IFRS_VALUE_ER</FIELDNAME>
     <POSITION>0025</POSITION>
     <ROLLNAME>ZCOGS_IFRS_VALUE_ER</ROLLNAME>
     <ADMINFIELD>0</ADMINFIELD>
     <REFTABLE>J_1GVL_WHB010</REFTABLE>
     <REFFIELD>WAERS</REFFIELD>
     <COMPTYPE>E</COMPTYPE>
    </DD03P>
    <DD03P>
     <TABNAME>ZFI_TAX_MM_COST</TABNAME>
     <FIELDNAME>DIFF_OF_COGS_VALUE</FIELDNAME>
     <POSITION>0026</POSITION>
     <ROLLNAME>ZDIFF_OF_COGS_VALUE</ROLLNAME>
     <ADMINFIELD>0</ADMINFIELD>
     <REFTABLE>J_1GVL_WHB010</REFTABLE>
     <REFFIELD>WAERS</REFFIELD>
     <COMPTYPE>E</COMPTYPE>
    </DD03P>
    <DD03P>
     <TABNAME>ZFI_TAX_MM_COST</TABNAME>
     <FIELDNAME>REVENUE</FIELDNAME>
     <POSITION>0027</POSITION>
     <ROLLNAME>ZREVENUE</ROLLNAME>
     <ADMINFIELD>0</ADMINFIELD>
     <REFTABLE>J_1GVL_WHB010</REFTABLE>
     <REFFIELD>WAERS</REFFIELD>
     <COMPTYPE>E</COMPTYPE>
    </DD03P>
    <DD03P>
     <TABNAME>ZFI_TAX_MM_COST</TABNAME>
     <FIELDNAME>COGS_TAX_VALUE</FIELDNAME>
     <POSITION>0028</POSITION>
     <ROLLNAME>ZCOGS_TAX_VALUE</ROLLNAME>
     <ADMINFIELD>0</ADMINFIELD>
     <REFTABLE>J_1GVL_WHB010</REFTABLE>
     <REFFIELD>WAERS</REFFIELD>
     <COMPTYPE>E</COMPTYPE>
    </DD03P>
    <DD03P>
     <TABNAME>ZFI_TAX_MM_COST</TABNAME>
     <FIELDNAME>AVG_RM_IFRS_VALUE</FIELDNAME>
     <POSITION>0029</POSITION>
     <ROLLNAME>ZAVG_RM_IFRS_VALUE</ROLLNAME>
     <ADMINFIELD>0</ADMINFIELD>
     <REFTABLE>J_1GVL_WHB010</REFTABLE>
     <REFFIELD>WAERS</REFFIELD>
     <COMPTYPE>E</COMPTYPE>
    </DD03P>
    <DD03P>
     <TABNAME>ZFI_TAX_MM_COST</TABNAME>
     <FIELDNAME>AVG_COGS_IFRS_VALUE</FIELDNAME>
     <POSITION>0030</POSITION>
     <ROLLNAME>ZAVG_COGS_IFRS_VALUE</ROLLNAME>
     <ADMINFIELD>0</ADMINFIELD>
     <REFTABLE>J_1GVL_WHB010</REFTABLE>
     <REFFIELD>WAERS</REFFIELD>
     <COMPTYPE>E</COMPTYPE>
    </DD03P>
    <DD03P>
     <TABNAME>ZFI_TAX_MM_COST</TABNAME>
     <FIELDNAME>AVG_TAX_STOCK_VALUE</FIELDNAME>
     <POSITION>0031</POSITION>
     <ROLLNAME>ZAVG_TAX_STOCK_VALUE</ROLLNAME>
     <ADMINFIELD>0</ADMINFIELD>
     <REFTABLE>J_1GVL_WHB010</REFTABLE>
     <REFFIELD>WAERS</REFFIELD>
     <COMPTYPE>E</COMPTYPE>
    </DD03P>
    <DD03P>
     <TABNAME>ZFI_TAX_MM_COST</TABNAME>
     <FIELDNAME>AVG_TAX_COGS_VALUE</FIELDNAME>
     <POSITION>0032</POSITION>
     <ROLLNAME>ZAVG_TAX_COGS_VALUE</ROLLNAME>
     <ADMINFIELD>0</ADMINFIELD>
     <REFTABLE>J_1GVL_WHB010</REFTABLE>
     <REFFIELD>WAERS</REFFIELD>
     <COMPTYPE>E</COMPTYPE>
    </DD03P>
    <DD03P>
     <TABNAME>ZFI_TAX_MM_COST</TABNAME>
     <FIELDNAME>NO_ALLOCATION</FIELDNAME>
     <POSITION>0033</POSITION>
     <ROLLNAME>BOOLEAN</ROLLNAME>
     <ADMINFIELD>0</ADMINFIELD>
     <VALEXI>X</VALEXI>
     <SHLPORIGIN>F</SHLPORIGIN>
     <COMPTYPE>E</COMPTYPE>
    </DD03P>
   </DD03P_TABLE>
   <DD05M_TABLE>
    <DD05M>
     <TABNAME>ZFI_TAX_MM_COST</TABNAME>
     <FIELDNAME>BUKRS</FIELDNAME>
     <FORTABLE>ZFI_TAX_MM_COST</FORTABLE>
     <FORKEY>MANDT</FORKEY>
     <CHECKTABLE>T001</CHECKTABLE>
     <CHECKFIELD>MANDT</CHECKFIELD>
     <PRIMPOS>0001</PRIMPOS>
     <DOMNAME>MANDT</DOMNAME>
     <DATATYPE>CLNT</DATATYPE>
     <LENG>000003</LENG>
    </DD05M>
    <DD05M>
     <TABNAME>ZFI_TAX_MM_COST</TABNAME>
     <FIELDNAME>BUKRS</FIELDNAME>
     <FORTABLE>ZFI_TAX_MM_COST</FORTABLE>
     <FORKEY>BUKRS</FORKEY>
     <CHECKTABLE>T001</CHECKTABLE>
     <CHECKFIELD>BUKRS</CHECKFIELD>
     <PRIMPOS>0002</PRIMPOS>
     <DOMNAME>BUKRS</DOMNAME>
     <DATATYPE>CHAR</DATATYPE>
     <LENG>000004</LENG>
    </DD05M>
    <DD05M>
     <TABNAME>ZFI_TAX_MM_COST</TABNAME>
     <FIELDNAME>MANDT</FIELDNAME>
     <FORTABLE>ZFI_TAX_MM_COST</FORTABLE>
     <FORKEY>MANDT</FORKEY>
     <CHECKTABLE>T000</CHECKTABLE>
     <CHECKFIELD>MANDT</CHECKFIELD>
     <PRIMPOS>0001</PRIMPOS>
     <DOMNAME>MANDT</DOMNAME>
     <DATATYPE>CLNT</DATATYPE>
     <LENG>000003</LENG>
    </DD05M>
    <DD05M>
     <TABNAME>ZFI_TAX_MM_COST</TABNAME>
     <FIELDNAME>MATNR</FIELDNAME>
     <FORTABLE>ZFI_TAX_MM_COST</FORTABLE>
     <FORKEY>MANDT</FORKEY>
     <CHECKTABLE>MARA</CHECKTABLE>
     <CHECKFIELD>MANDT</CHECKFIELD>
     <PRIMPOS>0001</PRIMPOS>
     <DOMNAME>MANDT</DOMNAME>
     <DATATYPE>CLNT</DATATYPE>
     <LENG>000003</LENG>
    </DD05M>
    <DD05M>
     <TABNAME>ZFI_TAX_MM_COST</TABNAME>
     <FIELDNAME>MATNR</FIELDNAME>
     <FORTABLE>ZFI_TAX_MM_COST</FORTABLE>
     <FORKEY>MATNR</FORKEY>
     <CHECKTABLE>MARA</CHECKTABLE>
     <CHECKFIELD>MATNR</CHECKFIELD>
     <PRIMPOS>0002</PRIMPOS>
     <DOMNAME>MATNR</DOMNAME>
     <DATATYPE>CHAR</DATATYPE>
     <LENG>000040</LENG>
    </DD05M>
    <DD05M>
     <TABNAME>ZFI_TAX_MM_COST</TABNAME>
     <FIELDNAME>WERKS</FIELDNAME>
     <FORTABLE>ZFI_TAX_MM_COST</FORTABLE>
     <FORKEY>MANDT</FORKEY>
     <CHECKTABLE>T001W</CHECKTABLE>
     <CHECKFIELD>MANDT</CHECKFIELD>
     <PRIMPOS>0001</PRIMPOS>
     <DOMNAME>MANDT</DOMNAME>
     <DATATYPE>CLNT</DATATYPE>
     <LENG>000003</LENG>
    </DD05M>
    <DD05M>
     <TABNAME>ZFI_TAX_MM_COST</TABNAME>
     <FIELDNAME>WERKS</FIELDNAME>
     <FORTABLE>ZFI_TAX_MM_COST</FORTABLE>
     <FORKEY>WERKS</FORKEY>
     <CHECKTABLE>T001W</CHECKTABLE>
     <CHECKFIELD>WERKS</CHECKFIELD>
     <PRIMPOS>0002</PRIMPOS>
     <DOMNAME>WERKS</DOMNAME>
     <DATATYPE>CHAR</DATATYPE>
     <LENG>000004</LENG>
    </DD05M>
   </DD05M_TABLE>
   <DD08V_TABLE>
    <DD08V>
     <TABNAME>ZFI_TAX_MM_COST</TABNAME>
     <FIELDNAME>BUKRS</FIELDNAME>
     <DDLANGUAGE>E</DDLANGUAGE>
     <CHECKTABLE>T001</CHECKTABLE>
     <DDTEXT>fk</DDTEXT>
    </DD08V>
    <DD08V>
     <TABNAME>ZFI_TAX_MM_COST</TABNAME>
     <FIELDNAME>MANDT</FIELDNAME>
     <DDLANGUAGE>E</DDLANGUAGE>
     <CHECKTABLE>T000</CHECKTABLE>
     <DDTEXT>fk</DDTEXT>
    </DD08V>
    <DD08V>
     <TABNAME>ZFI_TAX_MM_COST</TABNAME>
     <FIELDNAME>MATNR</FIELDNAME>
     <DDLANGUAGE>E</DDLANGUAGE>
     <CHECKTABLE>MARA</CHECKTABLE>
     <DDTEXT>fk</DDTEXT>
    </DD08V>
    <DD08V>
     <TABNAME>ZFI_TAX_MM_COST</TABNAME>
     <FIELDNAME>WERKS</FIELDNAME>
     <DDLANGUAGE>E</DDLANGUAGE>
     <CHECKTABLE>T001W</CHECKTABLE>
     <DDTEXT>fk</DDTEXT>
    </DD08V>
   </DD08V_TABLE>
  </asx:values>
 </asx:abap>
</abapGit>
