﻿<?xml version="1.0" encoding="utf-8"?>
<abapGit version="v1.0.0" serializer="LCL_OBJECT_TRAN" serializer_version="v1.0.0">
 <asx:abap xmlns:asx="http://www.sap.com/abapxml" version="1.0">
  <asx:values>
   <TSTC>
    <TCODE>ZFI_TAX_MM_COST_PRIC</TCODE>
    <PGMNA>ZFI_ALLOC_LEDGS_DIFFS_TOPRD_GR</PGMNA>
    <DYPNO>1000</DYPNO>
    <CINFO>hA==</CINFO>
   </TSTC>
   <TSTCC>
    <TCODE>ZFI_TAX_MM_COST_PRIC</TCODE>
    <S_WEBGUI>1</S_WEBGUI>
    <S_WIN32>X</S_WIN32>
    <S_PLATIN>X</S_PLATIN>
   </TSTCC>
   <TSTCT>
    <SPRSL>E</SPRSL>
    <TCODE>ZFI_TAX_MM_COST_PRIC</TCODE>
    <TTEXT>Allocate Ledgers DIFFs to PRD MATNRs</TTEXT>
   </TSTCT>
   <I18N_TPOOL>
    <TSTCT>
     <SPRSL>룳</SPRSL>
     <TTEXT>Allocate Ledgers DIFFs to PRD MATNRs</TTEXT>
    </TSTCT>
    <TSTCT>
     <SPRSL>묹</SPRSL>
     <TTEXT>Allocate Ledgers DIFFs to PRD MATNRs</TTEXT>
    </TSTCT>
    <TSTCT>
     <SPRSL>봋</SPRSL>
     <TTEXT>Allocate Ledgers DIFFs to PRD MATNRs</TTEXT>
    </TSTCT>
    <TSTCT>
     <SPRSL>뽑</SPRSL>
     <TTEXT>Allocate Ledgers DIFFs to PRD MATNRs</TTEXT>
    </TSTCT>
   </I18N_TPOOL>
  </asx:values>
 </asx:abap>
</abapGit>
