﻿<?xml version="1.0" encoding="utf-8"?>
<abapGit version="v1.0.0" serializer="LCL_OBJECT_TABL" serializer_version="v1.0.0">
 <asx:abap xmlns:asx="http://www.sap.com/abapxml" version="1.0">
  <asx:values>
   <DD02V>
    <TABNAME>ZFI_LEDGERS_DIFF</TABNAME>
    <DDLANGUAGE>E</DDLANGUAGE>
    <TABCLASS>TRANSP</TABCLASS>
    <CLIDEP>X</CLIDEP>
    <DDTEXT>Ledgers differences from prg zfi_alloc_ledgs_diffs_toprd_gr</DDTEXT>
    <MASTERLANG>E</MASTERLANG>
    <MAINFLAG>X</MAINFLAG>
    <CONTFLAG>A</CONTFLAG>
    <EXCLASS>1</EXCLASS>
   </DD02V>
   <DD09L>
    <TABNAME>ZFI_LEDGERS_DIFF</TABNAME>
    <AS4LOCAL>A</AS4LOCAL>
    <TABKAT>0</TABKAT>
    <TABART>APPL0</TABART>
    <BUFALLOW>N</BUFALLOW>
    <ROWORCOLST>C</ROWORCOLST>
   </DD09L>
   <DD03P_TABLE>
    <DD03P>
     <TABNAME>ZFI_LEDGERS_DIFF</TABNAME>
     <FIELDNAME>MANDT</FIELDNAME>
     <POSITION>0001</POSITION>
     <KEYFLAG>X</KEYFLAG>
     <ROLLNAME>MANDT</ROLLNAME>
     <CHECKTABLE>T000</CHECKTABLE>
     <ADMINFIELD>0</ADMINFIELD>
     <NOTNULL>X</NOTNULL>
     <SHLPORIGIN>P</SHLPORIGIN>
     <COMPTYPE>E</COMPTYPE>
    </DD03P>
    <DD03P>
     <TABNAME>ZFI_LEDGERS_DIFF</TABNAME>
     <FIELDNAME>BUKRS</FIELDNAME>
     <POSITION>0002</POSITION>
     <KEYFLAG>X</KEYFLAG>
     <ROLLNAME>BUKRS</ROLLNAME>
     <CHECKTABLE>T001</CHECKTABLE>
     <ADMINFIELD>0</ADMINFIELD>
     <NOTNULL>X</NOTNULL>
     <SHLPORIGIN>P</SHLPORIGIN>
     <SHLPNAME>C_T001</SHLPNAME>
     <SHLPFIELD>BUKRS</SHLPFIELD>
     <COMPTYPE>E</COMPTYPE>
    </DD03P>
    <DD03P>
     <TABNAME>ZFI_LEDGERS_DIFF</TABNAME>
     <FIELDNAME>GJAHR</FIELDNAME>
     <POSITION>0003</POSITION>
     <KEYFLAG>X</KEYFLAG>
     <ROLLNAME>GJAHR</ROLLNAME>
     <ADMINFIELD>0</ADMINFIELD>
     <NOTNULL>X</NOTNULL>
     <COMPTYPE>E</COMPTYPE>
    </DD03P>
    <DD03P>
     <TABNAME>ZFI_LEDGERS_DIFF</TABNAME>
     <FIELDNAME>LEDGER1</FIELDNAME>
     <POSITION>0004</POSITION>
     <ROLLNAME>FINS_LEDGER</ROLLNAME>
     <ADMINFIELD>0</ADMINFIELD>
     <SHLPORIGIN>D</SHLPORIGIN>
     <COMPTYPE>E</COMPTYPE>
    </DD03P>
    <DD03P>
     <TABNAME>ZFI_LEDGERS_DIFF</TABNAME>
     <FIELDNAME>HSL1</FIELDNAME>
     <POSITION>0005</POSITION>
     <ROLLNAME>FINS_VWCUR12</ROLLNAME>
     <ADMINFIELD>0</ADMINFIELD>
     <REFTABLE>ACDOCA</REFTABLE>
     <REFFIELD>RWCUR</REFFIELD>
     <COMPTYPE>E</COMPTYPE>
    </DD03P>
    <DD03P>
     <TABNAME>ZFI_LEDGERS_DIFF</TABNAME>
     <FIELDNAME>LEDGER2</FIELDNAME>
     <POSITION>0006</POSITION>
     <ROLLNAME>FINS_LEDGER</ROLLNAME>
     <ADMINFIELD>0</ADMINFIELD>
     <SHLPORIGIN>D</SHLPORIGIN>
     <COMPTYPE>E</COMPTYPE>
    </DD03P>
    <DD03P>
     <TABNAME>ZFI_LEDGERS_DIFF</TABNAME>
     <FIELDNAME>HSL2</FIELDNAME>
     <POSITION>0007</POSITION>
     <ROLLNAME>FINS_VWCUR12</ROLLNAME>
     <ADMINFIELD>0</ADMINFIELD>
     <REFTABLE>ACDOCA</REFTABLE>
     <REFFIELD>RWCUR</REFFIELD>
     <COMPTYPE>E</COMPTYPE>
    </DD03P>
    <DD03P>
     <TABNAME>ZFI_LEDGERS_DIFF</TABNAME>
     <FIELDNAME>DIFFERENCE</FIELDNAME>
     <POSITION>0008</POSITION>
     <ROLLNAME>ITMF_DE_DEC_15_2</ROLLNAME>
     <ADMINFIELD>0</ADMINFIELD>
     <COMPTYPE>E</COMPTYPE>
    </DD03P>
    <DD03P>
     <TABNAME>ZFI_LEDGERS_DIFF</TABNAME>
     <FIELDNAME>LEDGER_3RD_PARTY</FIELDNAME>
     <POSITION>0009</POSITION>
     <ROLLNAME>FINS_LEDGER</ROLLNAME>
     <ADMINFIELD>0</ADMINFIELD>
     <SHLPORIGIN>D</SHLPORIGIN>
     <COMPTYPE>E</COMPTYPE>
    </DD03P>
    <DD03P>
     <TABNAME>ZFI_LEDGERS_DIFF</TABNAME>
     <FIELDNAME>HSL_3RD_IFRS</FIELDNAME>
     <POSITION>0010</POSITION>
     <ROLLNAME>FINS_VWCUR12</ROLLNAME>
     <ADMINFIELD>0</ADMINFIELD>
     <REFTABLE>ACDOCA</REFTABLE>
     <REFFIELD>RWCUR</REFFIELD>
     <COMPTYPE>E</COMPTYPE>
    </DD03P>
    <DD03P>
     <TABNAME>ZFI_LEDGERS_DIFF</TABNAME>
     <FIELDNAME>HSL_3RD_TAX</FIELDNAME>
     <POSITION>0011</POSITION>
     <ROLLNAME>FINS_VWCUR12</ROLLNAME>
     <ADMINFIELD>0</ADMINFIELD>
     <REFTABLE>ACDOCA</REFTABLE>
     <REFFIELD>RWCUR</REFFIELD>
     <COMPTYPE>E</COMPTYPE>
    </DD03P>
   </DD03P_TABLE>
   <DD05M_TABLE>
    <DD05M>
     <TABNAME>ZFI_LEDGERS_DIFF</TABNAME>
     <FIELDNAME>BUKRS</FIELDNAME>
     <FORTABLE>ZFI_LEDGERS_DIFF</FORTABLE>
     <FORKEY>MANDT</FORKEY>
     <CHECKTABLE>T001</CHECKTABLE>
     <CHECKFIELD>MANDT</CHECKFIELD>
     <PRIMPOS>0001</PRIMPOS>
     <DOMNAME>MANDT</DOMNAME>
     <DATATYPE>CLNT</DATATYPE>
     <LENG>000003</LENG>
    </DD05M>
    <DD05M>
     <TABNAME>ZFI_LEDGERS_DIFF</TABNAME>
     <FIELDNAME>BUKRS</FIELDNAME>
     <FORTABLE>ZFI_LEDGERS_DIFF</FORTABLE>
     <FORKEY>BUKRS</FORKEY>
     <CHECKTABLE>T001</CHECKTABLE>
     <CHECKFIELD>BUKRS</CHECKFIELD>
     <PRIMPOS>0002</PRIMPOS>
     <DOMNAME>BUKRS</DOMNAME>
     <DATATYPE>CHAR</DATATYPE>
     <LENG>000004</LENG>
    </DD05M>
    <DD05M>
     <TABNAME>ZFI_LEDGERS_DIFF</TABNAME>
     <FIELDNAME>MANDT</FIELDNAME>
     <FORTABLE>ZFI_LEDGERS_DIFF</FORTABLE>
     <FORKEY>MANDT</FORKEY>
     <CHECKTABLE>T000</CHECKTABLE>
     <CHECKFIELD>MANDT</CHECKFIELD>
     <PRIMPOS>0001</PRIMPOS>
     <DOMNAME>MANDT</DOMNAME>
     <DATATYPE>CLNT</DATATYPE>
     <LENG>000003</LENG>
    </DD05M>
   </DD05M_TABLE>
   <DD08V_TABLE>
    <DD08V>
     <TABNAME>ZFI_LEDGERS_DIFF</TABNAME>
     <FIELDNAME>BUKRS</FIELDNAME>
     <DDLANGUAGE>E</DDLANGUAGE>
     <CHECKTABLE>T001</CHECKTABLE>
     <DDTEXT>fk</DDTEXT>
    </DD08V>
    <DD08V>
     <TABNAME>ZFI_LEDGERS_DIFF</TABNAME>
     <FIELDNAME>MANDT</FIELDNAME>
     <DDLANGUAGE>E</DDLANGUAGE>
     <CHECKTABLE>T000</CHECKTABLE>
    </DD08V>
   </DD08V_TABLE>
  </asx:values>
 </asx:abap>
</abapGit>
