﻿<?xml version="1.0" encoding="utf-8"?>
<abapGit version="v1.0.0" serializer="LCL_OBJECT_DTEL" serializer_version="v1.0.0">
 <asx:abap xmlns:asx="http://www.sap.com/abapxml" version="1.0">
  <asx:values>
   <DD04V>
    <ROLLNAME>ZPROD_QTY</ROLLNAME>
    <DDLANGUAGE>E</DDLANGUAGE>
    <DOMNAME>MENG13V</DOMNAME>
    <HEADLEN>55</HEADLEN>
    <SCRLEN1>10</SCRLEN1>
    <SCRLEN2>20</SCRLEN2>
    <SCRLEN3>40</SCRLEN3>
    <DDTEXT>Produced Quantity</DDTEXT>
    <REPTEXT>Produced Quantity  with sign</REPTEXT>
    <SCRTEXT_S>PRD Quant.</SCRTEXT_S>
    <SCRTEXT_M>Produced Quantity</SCRTEXT_M>
    <SCRTEXT_L>Produced Quantity</SCRTEXT_L>
    <DTELMASTER>E</DTELMASTER>
    <REFKIND>D</REFKIND>
   </DD04V>
  </asx:values>
 </asx:abap>
</abapGit>
